En_Id	En_Sentence	El_Id	El_Sentence
1008	Good morning.	3177	Καλημέρα.
1009	How are you?	3178	Πώς είστε;
1010	It's been great, hasn't it?	3179	Ήταν υπέροχα, έτσι δεν είναι;
1011	I've been blown away by the whole thing.	3180	Έχω μείνει άναυδος από το όλο εγχείρημα.
1012	In fact, I'm leaving.	3181	Στην πραγματικότητα φεύγω.
1013	There have been three themes running through the conference which are relevant to what I want to talk about.	3182	Υπήρχαν τρεις θεματολογίες, έτσι δεν είναι, στο όλο συνέδριο, οι οποίες είναι σχετικές με αυτά που θέλω να πω.
1014	One is the extraordinary evidence of human creativity in all of the presentations that we've had and in all of the people here.	3183	Μία από αυτές είναι η εντυπωσιακή απόδειξη της ανθρώπινης δημιουργικότητας σε όλες τις παρουσιάσεις που είχαμε και σε όλους τους ανθρώπους εδώ.
1015	Just the variety of it and the range of it.	3184	Μόνο και μόνο η ποικιλία και το εύρος της.
1016	The second is that it's put us in a place where we have no idea what's going to happen, in terms of the future.	3185	Η δεύτερη είναι ότι μας έβαλε σε μια θέση όπου δεν έχουμε ιδέα για το τι πρόκειται να συμβεί, όσο αφορά το μέλλον.
1017	No idea how this may play out.	3186	Καμία ιδέα για το πώς μπορεί να εξελιχθεί αυτό.
1018	I have an interest in education.	3187	Ενδιαφέρομαιγια την εκπαίδευση- στην πραγματικότητα, βρίσκω ότι όλοι έχουν κάποιο ενδιαφέρον για την εκπαίδευση.
1019	Actually, what I find is everybody has an interest in education.		
1020	Don't you?	3188	Εσείς δεν έχετε;
1021	I find this very interesting.	3189	Το βρίσκω πολύ ενδιαφέρον.
1022	If you're at a dinner party, and you say you work in education -- 	3190	Αν είστε σε ένα πάρτι, και πείτε ότι δουλεύετε στην εκπαίδευση- στην πραγματικότητα, δεν πάτε συχνά σε πάρτι, αν δουλεύετε στην εκπαίδευση.
1023	Actually, you're not often at dinner parties, frankly.		
1024	If you work in education, you're not asked.		
		3191	Δεν σας καλούν.
1025	And you're never asked back, curiously.	3192	Και δεν ανταποδίδουν την πρόσκληση, παραδόξως.
1026	That's strange to me.	3193	Αυτό μου φαίνεται περίεργο.
1027	But if you are, and you say to somebody, you know, they say, 'What do you do?'and you say you work in education, you can see the blood run from their face.	3194	Αλλά εάν είστε σε πάρτι, και πείτε σε κάποιον, ξέρετε, σας ρωτάνε: «Τι δουλειά κάνεις;» και πείτε ότι δουλεύετε στη εκπαίδευση, βλέπετε το αίμα να φεύγει από το πρόσωπό τους.
1028	They're like, 'Oh my God,' you know, 'Why me?'	3195	Σκέφτονται: «Ω Θεέ μου, γιατί σε μένα; 
1029	'My one night out all week.'	3196	Τη μοναδική βραδιά εξόδου μου όλη τη βδομάδα».
1030	But if you ask about their education, they pin you to the wall.	3197	Αλλά αν τους ρωτήσετε για τη δική τους εκπαίδευση, σας καρφώνουν στον τοίχο.
1031	Because it's one of those things that goes deep with people, am I right?	3198	Διότι είναι ένα από αυτά τα πράγματα που πάει βαθιά στους ανθρώπους, δεν έχω δίκιο;
1032	Like religion, and money and other things.	3199	Όπως η θρησκεία και το χρήμα και άλλα πράγματα.
1033	So I have a big interest in education, and I think we all do.	3200	Έχω μεγάλο ενδιαφέρον για την εκπαίδευση, και νομίζω ότι όλοι έχουμε.
1034	We have a huge vested interest in it, partly because it's education that's meant to take us into this future that we can't grasp.	3201	Έχουμε τεράστιο δικαιωματικό ενδιαφέρον γι' αυτή, εν μέρει επειδή η εκπαίδευση είναι προορισμένη να μας πάει σε ένα μέλλον που δεν μπορούμε να συλλάβουμε.
1035	If you think of it, children starting school this year will be retiring in 2065.	3202	Αν το σκεφτείτε, τα παιδιά που ξεκινούν το σχολείο φέτος θα συνταξιοδοτηθούν το 2065.
1036	Nobody has a clue, despite all the expertise that's been on parade for the past four days, what the world will look like in five years' time.	3203	Κανένας δεν έχει την παραμικρή ιδέα - παρ' όλη τη γνώση που παρελαύνει εδώ τις τελευταίες τέσσερις ημέρες - για το πώς θα είναι ο κόσμος σε πέντε χρόνια.
1037	And yet we're meant to be educating them for it.	3204	Ωστόσο, πρέπει να τα εκπαιδεύσουμε γι' αυτόν.
1038	So the unpredictability, I think, is extraordinary.	3205	Έτσι η μη προβλεψιμότητα, νομίζω, είναι εντυπωσιακή.
1039	And the third part of this is that we've all agreed, nonetheless, on the really extraordinary capacities that children have -- their capacities for innovation.	3206	Και το τρίτο μέρος της είναι αυτό, στο οποίο όλοι συμφωνήσαμε, οι πραγματικά εντυπωσιακές ικανότητες που έχουν τα παιδιά - οι ικανότητές τους για καινοτομία.
1040	I mean, Sirena last night was a marvel, wasn't she?	3207	Η Σερίνα, για παράδειγμα, χθες το βράδυ ήταν θαύμα, δεν ήταν;
1041	Just seeing what she could do.	3208	Και μόνο το να βλέπεις τι μπορούσε να κάνει.
1042	And she's exceptional, but I think she's not, so to speak, exceptional in the whole of childhood.	3209	Και είναι ξεχωριστή, αλλά νομίζω οτι δεν είναι, θα λέγαμε, ξεχωριστή μέσα σε ολόκληρη την παιδική ηλικία.
1043	What you have there is a person of extraordinary dedication who found a talent.	3210	Αυτό που έχετε είναι ένα άτομο εξαιρετικής αφοσίωσης που βρήκε ένα ταλέντο.
1044	And my contention is, all kids have tremendous talents.	3211	Και ο ισχυρισμός μου είναι ότι όλα τα παιδιά έχουν τρομερά ταλέντα.
1045	And we squander them, pretty ruthlessly.	3212	Και τα σπαταλάμε αλύπητα.
1046	So I want to talk about education and I want to talk about creativity.	3213	Έτσι θέλω να μιλήσω για την εκπαίδευση και θέλω να μιλήσω και για τη δημιουργικότητα.
1047	My contention is that creativity now is as important in education as literacy, and we should treat it with the same status.	3214	Ο ισχυρισμός μου είναι ότι η δημιουργικότητα είναι σήμερα τόσο σημαντική για την εκπαίδευση όσο και ο αλφαβητισμός, και πρέπει να την αντιμετωπίζουμε με την ίδια τακτική.
1048	Thank you.	3215	Ευχαριστώ.
1049	That was it, by the way.	3216	Αυτό ήταν, λοιπόν.
1050	Thank you very much.	3217	Ευχαριστώ πάρα πολύ.
1051	So, 15 minutes left.	3218	Λοιπόν, έχω ακόμη 15 λεπτά.
1052	Well, I was born...no.	3219	Που λέτε, γεννήθηκα - όχι εντάξει.
1053	I heard a great story recently -- I love telling it -- of a little girl who was in a drawing lesson.	3220	Άκουσα μια φοβερή ιστορία πρόσφατα - που λατρεύω να τη διηγούμαι - για ένα μικρό κορίτσι σε κάποιο μάθημα ζωγραφικής.
1054	She was six, and she was at the back, drawing, and the teacher said this girl hardly ever paid attention, and in this drawing lesson, she did.	3221	Ήταν έξι ετών και καθόταν στο πίσω μέρος της αίθουσας και ζωγράφιζε και η δασκάλα είπε ότι το κοριτσάκι σπάνια πρόσεχε, αλλά σε αυτό το μάθημα ζωγραφικής το έκανε.
1055	The teacher was fascinated.	3222	Η δασκάλα ήταν εντυπωσιασμένη και πήγε προς τα εκεί και τη ρώτησε: «Τι ζωγραφίζεις;»
1056	She went over to her, and she said, 'What are you drawing?'		
1057	And the girl said, 'I'm drawing a picture of God.'	3223	Και το κοριτσάκι είπε: «Ζωγραφίζω μία εικόνα του Θεού».
1058	And the teacher said, 'But nobody knows what God looks like.'	3224	Και η δασκάλα είπε, «Μα κανείς δεν ξέρει πώς είναι ο Θεός».
1059	And the girl said, 'They will, in a minute.'	3225	Και το κοριτσάκι απάντησε, «Θα μάθουν σε ένα λεπτό».
1060	When my son was four in England --	3226	Όταν ο γιος μου ήταν τεσσάρων ετών στην Αγγλία - στην πραγματικότητα ήταν τεσσάρων παντού, για να είμαι ειλικρινής.
1061	Actually, he was four everywhere, to be honest.		
1062	If we're being strict about it, wherever he went, he was four that year.	3227	Αν θέλουμε να είμαστε ακριβείς, όπου και να πήγαινε ήταν τεσσάρων εκείνη τη χρονιά.
1063	He was in the Nativity play.	3228	Ήταν στη θεατρική παράσταση της Γέννησης.
1064	Do you remember the story?	3229	Θυμάστε την ιστορία;
1065	No, it was big, it was a big story.	3230	Όχι, ήταν σημαντικό.
		3231	Ήταν μεγάλη ιστορία.
1066	Mel Gibson did the sequel, you may have seen it.	3232	Ο Μελ Γκίμπσον γύρισε τη συνέχεια.
		3233	Μπορεί να τη έχετε δει: «Η Γέννηση 2».
1067	Nativity II.'		
1068	But James got the part of Joseph, which we were thrilled about.	3234	Αλλά ο Τζέιμς πήρε το ρόλο του Ιωσήφ, για τον οποίο ήμασταν όλοι ενθουσιασμένοι.
1069	We considered this to be one of the lead parts.	3235	Τον θεωρούσαμε από τους πρωταγωνιστικούς ρόλους.
1070	We had the place crammed full of agents in T-shirts:	3236	Είχαμε γεμίσει το μέρος με ατζέντηδες που φορούσαν μπλουζάκια με το σλόγκαν: «Ο Τζέιμς Ρόμπινσον ΕΙΝΑΙ ο Ιωσήφ!»
1071	James Robinson IS Joseph!'		
1072	He didn't have to speak, but you know the bit where the three kings come in?	3237	Δεν χρειαζόταν να μιλήσει, αλλά γνωρίζετε το σημείο όπου οι τρεις μάγοι έρχονται φέρνοντας δώρα.
1073	They come in bearing gifts, gold, frankincense and myrrh.		
		3238	Φέρνουν σμύρνα, λιβάνι και χρυσάφι.
1074	This really happened.	3239	Αυτό συνέβη στ' αλήθεια.
1075	We were sitting there and I think they just went out of sequence, because we talked to the little boy afterward and we said, 'You OK with that?'	3240	Καθόμασταν εκεί και νομίζω μπερδεύτηκαν, γιατί μιλήσαμε με το αγοράκι λίγο αργότερα και του είπαμε «Είσαι εντάξει με αυτό;»
1076	And he said, 'Yeah, why?Was that wrong?'	3241	Και είπε: «Ναι, γιατί;
		3242	Ήταν λάθος;»
1077	They just switched.	3243	Απλά αλλάξανε σειρά, αυτό ήταν.
1078	The three boys came in, four-year-olds with tea towels on their heads, and they put these boxes down, and the first boy said, 'I bring you gold.'	3244	Τέλος πάντων, τα τρία αγοράκια βγήκαν, τετράχρονα με πετσέτες στα κεφάλια τους, και ακούμπησαν αυτά τα κουτιά κάτω, και το πρώτο αγόρι είπε, «Σου φέρνω χρυσό».Και το δεύτερο αγόρι είπε, «Σου φέρνω σμύρνα».
1079	And the second boy said, 'I bring you myrrh.'		
1080	And the third boy said, 'Frank sent this.'	3245	Και το τρίτο αγόρι είπε, «Ο Φρανκ έστειλε αυτό».
1081	What these things have in common is that kids will take a chance.	3246	Αυτό που έχουν κοινό αυτά τα παραδείγματα είναι ότι τα παιδιά θα ρισκάρουν.
1082	If they don't know, they'll have a go.	3247	Εάν δεν ξέρουν, θα κάνουν μια προσπάθεια.
1083	Am I right?	3248	Δεν έχω δίκιο;
1084	They're not frightened of being wrong.	3249	Δεν φοβούνται να κάνουν λάθος.
1085	I don't mean to say that being wrong is the same thing as being creative.	3250	Δεν εννοώ ότι το να κάνεις λάθος είναι το ίδιο πράγμα με το να είσαι δημιουργικός.
1086	What we do know is, if you're not prepared to be wrong, you'll never come up with anything original -- if you're not prepared to be wrong.	3251	Αυτό που ξέρουμε είναι ότι αν δεν είσαι προετοιμασμένος να κάνεις λάθος, δεν θα σκεφτείς ποτέ κάτι πρωτότυπο.
		3252	Αν δεν είσαι προετοιμασμένος να κάνεις λάθος.
1087	And by the time they get to be adults, most kids have lost that capacity.	3253	Και μέχρι να φτάσουν στην ενηλικίωση, τα περισσότερα παιδιά έχουν χάσει αυτή την ικανότητα.
1088	They have become frightened of being wrong.	3254	Φοβούνται να κάνουν λάθος.
1089	And we run our companies like this.	3255	Διοικούμε τις εταιρίες μας με αυτό τον τρόπο.
1090	We stigmatize mistakes.	3256	Στιγματίζουμε τα λάθη.
1091	And we're now running national education systems where mistakes are the worst thing you can make.	3257	Και διευθύνουμε σήμερα εθνικά εκπαιδευτικά συστήματα όπου τα λάθη είναι το χειρότερο πράγμα που μπορείς να κάνεις.
1092	And the result is that we are educating people out of their creative capacities.	3258	Το αποτέλεσμα είναι ότι εκπαιδεύουμε τους ανθρώπους κάνοντάς τους να ξεχνούν τις δημιουργικές του ικανότητες.
1093	Picasso once said this, he said that all children are born artists.	3259	Ο Πικάσο κάποτε είπε αυτό: είπε ότι όλα τα παιδιά γεννιούνται καλλιτέχνες.
1094	The problem is to remain an artist as we grow up.	3260	Το ζήτημα είναι να παραμείνουν καλλιτέχνες καθώς μεγαλώνουν.
1095	I believe this passionately, that we don't grow into creativity, we grow out of it.	3261	Το πιστεύω αυτό ακράδαντα: ότι δεν μεγαλώνουμε ώστε να γίνουμε δημιουργικοί, μεγαλώνουμε ώστε να την ξεχάσουμε.
1096	Or rather, we get educated out of it.	3262	Ή αλλιώς, εκπαιδευόμαστε να την ξεχάσουμε.
1097	So why is this?	3263	Γιατί συμβαίνει αυτό;
1098	I lived in Stratford-on-Avon until about five years ago.	3264	Ζούσα στο Στράτφορντ μέχρι πριν από πέντε χρόνια περίπου.
1099	In fact, we moved from Stratford to Los Angeles.	3265	Στην πραγματικότητα, μετακομίσαμε από το Στράτφορντ στο Λος ʼντζελες.
1100	So you can imagine what a seamless transition that was.	3266	Οπότε καταλαβαίνετε πόσο ομαλή ήταν αυτή η αλλαγή.
1101	Actually, we lived in a place called Snitterfield, just outside Stratford, which is where Shakespeare's father was born.	3267	Στη πραγματικότητα, ζούσαμε σε ένα μέρος που λέγεται Σνίδερφιλντ, ακριβώς έξω από το Στράτφορντ, όπου γεννήθηκε ο πατέρας του Σέξπιρ.
1102	Are you struck by a new thought?	3268	Έχετε σοκαριστεί με τη σκέψη;
1103	I was.	3269	Εγώ είχα.
1104	You don't think of Shakespeare having a father, do you?	3270	Δεν είχατε σκεφτεί τον Σέξπιρ να έχει πατέρα, έτσι δεν είναι;
1105	Do you?		
1106	Because you don't think of Shakespeare being a child, do you?	3271	Διότι δεν φαντάζεστε τον Σέξπιρ σαν παιδί, έτσι δεν είναι;
1107	Shakespeare being seven?	3272	Ο Σέξπιρ εφτά χρονών;
1108	I never thought of it.	3273	Δεν το είχα σκεφτεί ποτέ.
1109	I mean, he was seven at some point.	3274	Εννοώ, ήταν εφτά κάποτε.
1110	He was in somebody's English class, wasn't he?	3275	Ήταν στο τμήμα Αγγλικών κάποιου, όχι;
1111	How annoying would that be?	3276	Πόσο ενοχλητικό πρέπει να ήταν αυτό;
1112	Must try harder.'	3277	«Πρέπει να προσπαθήσει περισσότερο».
1113	Being sent to bed by his dad, you know, to Shakespeare, 'Go to bed, now!	3278	Να τον έστελνε ο μπαμπάς του για ύπνο, ξέρετε, στον Σέξπιρ: «Πήγαινε για ύπνο, τώρα!»στον Γουίλιαμ Σέξπιρ: «και βάλε κάτω το μολύβι τώρα.
1114	And put the pencil down.'		
1115	And stop speaking like that.'	3279	Και σταμάτα να μιλάς έτσι.
1116	It's confusing everybody.'	3280	Τους μπερδεύεις όλους».
1117	Anyway, we moved from Stratford to Los Angeles, and I just want to say a word about the transition.	3281	Τέλος πάντων, μετακομίσαμε από το Στράτφορντ στο Λος ʼντζελες, και θέλω να πω λίγα λόγια γι' αυτή τη μετάβαση.
1118	My son didn't want to come.	3282	Ο γιος μου δεν ήθελε να έρθει.
1119	I've got two kids; he's 21 now, my daughter's 16.	3283	Έχουμε δύο παιδιά.
		3284	Εκείνος είναι τώρα 21 και η κόρη μου 16.
1120	He didn't want to come to Los Angeles.	3285	Δεν ήθελε να έρθει στο Λος Άντζελες.
1121	He loved it, but he had a girlfriend in England.	3286	Το λάτρευε, αλλά είχε μια κοπέλα στην Αγγλία.
1122	This was the love of his life, Sarah.	3287	Ήταν ο έρωτας της ζωής του, η Σάρα.
1123	He'd known her for a month.	3288	Την ήξερε ένα μήνα.
1124	Mind you, they'd had their fourth anniversary, because it's a long time when you're 16.	3289	Προσέξτε, είχαν την τέταρτη επέτειό τους, γιατί είναι πολύς καιρός όταν είσαι 16.
1125	He was really upset on the plane, he said, 'I'll never find another girl like Sarah.'	3290	Τέλος πάντων, ήταν πολύ ταραγμένος στο αεροπλάνο, και είπε: «Δεν θα ξαναβρώ ποτέ πια κάποια σαν τη Σάρα».
1126	And we were rather pleased about that, frankly --	3291	Και ήμασταν μάλλον χαρούμενοι μ' αυτό, ειλικρινά, επειδή εκείνη ήταν ο κύριος λόγος που φύγαμε από τη χώρα.
1127	Because she was the main reason we were leaving the country.		
1128	But something strikes you when you move to America and travel around the world:	3292	Αλλά κάτι σου κάνει εντύπωση όταν πας στην Αμερική και όταν ταξιδεύεις σε όλο τον κόσμο: Όλα τα εκπαιδευτικά συστήματα στον κόσμο έχουν την ίδια ιεραρχία θεμάτων.
1129	Every education system on Earth has the same hierarchy of subjects.		
1130	Every one.	3293	Όλα!
1131	Doesn't matter where you go.	3294	Δεν έχει σημασία το πού βρίσκεσαι.
1132	You'd think it would be otherwise, but it isn't.	3295	Θα περίμενες να είναι διαφορετικά, αλλά δεν είναι.
1133	At the top are mathematics and languages, then the humanities, and at the bottom are the arts.	3296	Στην κορυφή βρίσκονται τα μαθηματικά και οι γλώσσες, μετά οι ανθρωπιστικές επιστήμες, και στο τέλος είναι βρίσκονται τα μαθηματικά και οι γλώσσες, μετά οι ανθρωπιστικές επιστήμες, και στο τέλος είναι οι τέχνες.
1134	Everywhere on Earth.	3297	Παντού στη Γη.
1135	And in pretty much every system too, there's a hierarchy within the arts.	3298	Και σχεδόν σε κάθε σύστημα, υπάρχει ιεραρχία μέσα στις ίδιες τις τέχνες.
1136	Art and music are normally given a higher status in schools than drama and dance.	3299	Τα εικαστικά και η μουσική συνήθως βρίσκονται ιεραρχικά πιο ψηλά στα σχολεία απ΄ ό,τι το θέατρο και ο χορός.
1137	There isn't an education system on the planet that teaches dance every day to children the way we teach them mathematics.	3300	Δεν υπάρχει ούτε ένα εκπαιδευτικό σύστημα στον πλανήτη που να διδάσκει καθημερινά χορό στα παιδιά με τον τρόπο που τους διδάσκουμε μαθηματικά.
1138	Why?	3301	Γιατί;
1139	Why not?	3302	Γιατί όχι;
1140	I think this is rather important.	3303	Νομίζω ότι αυτό είναι σημαντικό.
1141	I think math is very important, but so is dance.	3304	Πιστεύω ότι τα μαθηματικά είναι σημαντικά, αλλά το ίδιο και ο χορός.
1142	Children dance all the time if they're allowed to, we all do.	3305	Τα παιδιά χορεύουν όλη την ώρα αν αυτό τους επιτρέπεται, όλοι το κάνουμε.
1143	We all have bodies, don't we?	3306	Όλοι έχουμε σώματα, δεν έχουμε;
1144	Did I miss a meeting?	3307	Έχασα κάτι;
1145	Truthfully, what happens is, as children grow up, we start to educate them progressively from the waist up.	3308	Ειλικρινά, αυτό που συμβαίνει είναι ότι, όταν τα παιδιά μεγαλώνουν, τα εκπαιδεύουμε προοδευτικά από τη μέση και πάνω.
1146	And then we focus on their heads.	3309	Και επικεντρωνόμαστε στο κεφάλι τους.
1147	And slightly to one side.	3310	Και ελαφρώς προς τη μία μεριά.
1148	If you were to visit education, as an alien, and say 'What's it for, public education?'	3311	Εάν συνέβαινε να επισκεφτείτε την εκπαίδευση, σαν εξωγήινος, και να ρωτήσετε: «Πού χρησιμεύει αυτό: η δημόσια εκπαίδευση;»
1149	I think you'd have to conclude, if you look at the output, who really succeeds by this, who does everything that they should, who gets all the brownie points, who are the winners --	3312	Νομίζω ότι θα καταλήγατε - αν βλέπατε το αποτέλεσμα, ποιος πραγματικά ωφελείται από αυτό, ποιος κάνει όλα αυτά που πρέπει, ποιος παίρνει όλους τους πόντους, ποιοι είναι οι νικητές - νομίζω ότι θα καταλήγατε στο ότι ο συνολικός σκοπός της δημόσιας εκπαίδευσης σε όλο τον κόσμο είναι το να παράγει καθηγητές πανεπιστημίου.
1150	I think you'd have to conclude the whole purpose of public education throughout the world is to produce university professors.		
1151	Isn't it?	3313	Αυτό δεν είναι;
1152	They're the people who come out the come out the top.	3314	Αυτοί είναι οι άνθρωποι που βγαίνουν από την κορυφή.
1153	And I used to be one, so there.	3315	Και ήμουν κι εγώ ένας από αυτούς, ορίστε λοιπόν.
1154	And I like university professors, but you know, we shouldn't hold them up as the high-water mark of all human achievement.	3316	Συμπαθώ τους καθηγητές πανεπιστημίου, αλλά ξέρετε, δεν θα έπρεπε να τους θεωρούμε σαν το υψηλότερο δείγμα ανθρώπινου επιτεύγματος.
1155	They're just a form of life, another form of life.	3317	Είναι απλά μια μορφή ζωής, άλλη μία μορφή ζωής.
1156	But they're rather curious, and I say this out of affection for them.	3318	Αλλά είναι μάλλον περίεργοι και το λέω γιατί τους συμπαθώ.
1157	There's something curious about professors in my experience -- not all of them, but typically, they live in their heads.	3319	Υπάρχει κάτι περίεργο σχετικά με τους καθηγητές από την εμπειρία μου - όχι όλοι τους, αλλά τυπικά - ζουν μέσα στο κεφάλι τους.
1158	They live up there, and slightly to one side.	3320	Ζουν εκεί πάνω και ελαφρώς προς τη μία πλευρά.
1159	They're disembodied, you know, in a kind of literal way.	3321	Έχουν αποσυνδεθεί από το σώμα τους, με την κυριολεκτική σημασία.
1160	They look upon their body as a form of transport for their heads.	3322	Βλέπουν το σώμα τους σαν ένα μέσο μεταφοράς για το κεφάλι τους, έτσι δεν είναι;
1161	Don't they?		
1162	It's a way of getting their head to meetings.	3323	Είναι ένας τρόπος να πηγαίνουν το κεφάλι τους σε συναντήσεις.
1163	If you want real evidence of out-of-body experiences, get yourself along to a residential conference of senior academics, and pop into the discotheque on the final night.	3324	Αν θέλετε πραγματική απόδειξη εξωσωματικής εμπειρίας, παρεμπιπτόντως, πηγαίνετε σε ένα συνέδριο υψηλόβαθμων ακαδημαϊκών, και εμφανιστείτε στη ντίσκο την τελευταία νύχτα.
1164	And there, you will see it.	3325	Και εκεί θα το δείτε, μεγάλοι άντρες και γυναίκες να λικνίζονται ανεξέλεγκτα, εκτός ρυθμού, περιμένοντας να τελειώσει, ώστε να γυρίσουν σπίτι και να γράψουν μια μελέτη πάνω σε αυτό.
1165	Grown men and women writhing uncontrollably, off the beat.		
1166	Waiting until it ends so they can go home and write a paper about it.		
1167	Our education system is predicated on the idea of academic ability.	3326	Το εκπαιδευτικό μας σύστημα είναι στοιχειοθετημένο στην ιδέα της ακαδημαϊκής ικανότητας.
1168	And there's a reason.	3327	Και υπάρχει λόγος γι' αυτό.
1169	Around the world, there were no public systems of education, really, before the 19th century.	3328	Το όλο σύστημα εφευρέθηκε - στον κόσμο δεν υπήρχαν στην πραγματικότητα δημόσια συστήματα εκπαίδευσης πριν το 19ο αιώνα.
1170	They all came into being to meet the needs of industrialism.	3329	Όλα σχεδιάστηκαν για να καλύψουν τις ανάγκες της βιομηχανοποίησης.
1171	So the hierarchy is rooted on two ideas.	3330	Έτσι η ιεραρχία έχει τις ρίζες της σε δύο ιδέες.
1172	Number one, that the most useful subjects for work are at the top.	3331	Η πρώτη είναι ότι τα πιο χρήσιμα μαθήματα για την εύρεση εργασίας είναι στην κορυφή.
1173	So you were probably steered benignly away from things at school when you were a kid, things you liked, on the grounds that you would never get a job doing that.	3332	Σας οδήγησαν, πιθανότατα, μακριά από κάποια πράγματα στο σχολείο, όταν ήσασταν παιδιά, πράγματα που σας άρεσαν, με τη δικαιολογία ότι δεν θα βρίσκατε ποτέ δουλειά κάνοντας αυτά, σωστά;
1174	Is that right?		
1175	Don't do music, you're not going to be a musician; don't do art, you won't be an artist.	3333	Μην κάνεις μουσική, δεν πρόκειται να γίνεις μουσικός.
		3334	Μην κάνεις την τέχνη, δεν θα γίνεις καλλιτέχνης.
1176	Benign advice -- now, profoundly mistaken.	3335	Καλοπροαίρετες συμβουλές - σήμερα προφανώς λανθασμένες.
1177	The whole world is engulfed in a revolution.	3336	Ολόκληρος ο κόσμος κατακλύζεται από μια επανάσταση.
1178	And the second is academic ability, which has really come to dominate our view of intelligence, because the universities designed the system in their image.	3337	Και η δεύτερη, είναι η ακαδημαϊκή ικανότητα, η οποία έχει πραγματικά καταλήξει να κυριαρχεί στην άποψη που έχουμε για την εξυπνάδα, διότι τα πανεπιστήμια σχεδίασαν το σύστημα καθ' ομοίωσή τους.
1179	If you think of it, the whole system of public education around the world is a protracted process of university entrance.	3338	Αν το σκεφτείτε, όλο το σύστημα της δημόσιας εκπαίδευσης σε όλο τον κόσμο είναι μια παρατεταμένη διαδικασία εισαγωγής στο πανεπιστήμιο.
1180	And the consequence is that many highly-talented, brilliant, creative people think they're not, because the thing they were good at at school wasn't valued, or was actually stigmatized.	3339	Με συνέπεια πολλοί, εξαιρετικά ταλαντούχοι, ευφυείς, δημιουργικοί άνθρωποι να νομίζουν πως δεν είναι, επειδή αυτό στο οποίο ήταν καλοί στο σχολείο δεν είχε αξία, ή στιγματιζόταν.
1181	And I think we can't afford to go on that way.	3340	Νομίζω πως δεν μας παίρνει να συνεχίσουμε κατά τον ίδιο τρόπο.
1182	In the next 30 years, according to UNESCO, more people worldwide will be graduating through education than since the beginning of history.	3341	Στα επόμενα 30 χρόνια κατά την UNESCO, περισσότεροι άνθρωποι θα αποφοιτούν από την εκπαίδευση σε όλο τον κόσμο, από την αρχή των ιστορικών χρόνων.
1183	More people, and it's the combination of all the things we've talked about -- technology and its transformation effect on work, and demography and the huge explosion in population.	3342	Περισσότεροι άνθρωποι, και αυτό σε συνδυασμό με όλα όσα συζητήσαμε - την τεχνολογία και το πώς αυτή επιδρά στην εργασία, τη δημογραφία και την τεράστια πληθυσμιακή έκρηξη.
1184	Suddenly, degrees aren't worth anything.	3343	Ξαφνικά τα πτυχία δεν θα αξίζουν τίποτα.
1185	Isn't that true?	3344	Δεν είναι αλήθεια;
1186	When I was a student, if you had a degree, you had a job.	3345	Όταν ήμουν μαθητής, αν είχες πτυχίο, είχες και δουλειά.
1187	If you didn't have a job, it's because you didn't want one.	3346	Εάν δεν είχες δουλειά ήταν επειδή δεν ήθελες να έχεις.
1188	And I didn't want one, frankly.	3347	Κι εγώ δεν ήθελα, για να είμαι ειλικρινής.
1189	But now kids with degrees are often heading home to carry on playing video games, because you need an MA where the previous job required a BA, and now you need a PhD for the other.	3348	Αλλά τώρα παιδιά με πτυχία, συχνά γυρίζουν σπίτι να παίξουν ηλεκτρονικά παιχνίδια, γιατί χρειάζεσαι μεταπτυχιακό, εκεί που πριν χρειαζόσουν πτυχίο και τώρα χρειάζεσαι διδακτορικό εκεί που πριν χρειαζόσουν το άλλο.
1190	It's a process of academic inflation.	3349	Είναι μια διαδικασία ακαδημαϊκού πληθωρισμού.
1191	And it indicates the whole structure of education is shifting beneath our feet.	3350	Φανερώνει ότι ολόκληρη η δομή της εκπαίδευσης σείεται κάτω από τα πόδια μας.
1192	We need to radically rethink our view of intelligence.	3351	Πρέπει να ξανασκεφτούμε ριζικά την άποψη που έχουμε για την ευφυΐα.
1193	We know three things about intelligence.	3352	Ξέρουμε τρία πράγματα γι' αυτή.
1194	One, it's diverse.	3353	Πρώτον ποικίλει.
1195	We think about the world in all the ways that we experience it.	3354	Σκεφτόμαστε τον κόσμο με όλους τους τρόπους που τον βιώνουμε.
1196	We think visually, we think in sound, we think kinesthetically.	3355	Σκεφτόμαστε οπτικά, ηχητικά, κιναισθητικά.
1197	We think in abstract terms, we think in movement.	3356	Σκεφτόμαστε με αφηρημένους όρους, με κίνηση.
1198	Secondly, intelligence is dynamic.	3357	Δεύτερον, η ευφυΐα είναι δυναμική.
1199	If you look at the interactions of a human brain, as we heard yesterday from a number of presentations, intelligence is wonderfully interactive.	3358	Αν κοιτάξετε τις αλληλεπιδράσεις του ανθρώπινου εγκεφάλου, όπως ακούσαμε χθες σε μια σειρά παρουσιάσεων, η ευφυΐα είναι υπέροχα διαδραστική.
1200	The brain isn't divided into compartments.	3359	Ο εγκέφαλος δεν χωρίζεται σε διαμερίσματα.
1201	In fact, creativity -- which I define as the process of having original ideas that have value -- more often than not comes about through the interaction of different disciplinary ways of seeing things.	3360	Στην πραγματικότητα, η δημιουργικότητα - την οποία ορίζω σαν τη διαδικασία του να έχεις πρωτότυπες ιδέες που έχουν αξία - συχνά έρχεται μέσω της αλληλεπίδρασης διαφορετικών τρόπων θεώρησης των πραγμάτων.
1202	By the way, there's a shaft of nerves that joins the two halves of the brain called the corpus callosum.	3361	Στον εγκέφαλο, επί τη ευκαιρία, υπάρχει μία δεσμίδα νευρώνων που ενώνει τα δύο μισά του εγκεφάλου και ονομάζεται Μεσολόβιο.
1203	It's thicker in women.	3362	Έχει μεγαλύτερο πάχος στις γυναίκες.
1204	Following off from Helen yesterday, this is probably why women are better at multi-tasking.	3363	Συνεχίζοντας αυτά που είπε η Έλεν χθες, νομίζω πως γι' αυτό οι γυναίκες είναι καλές στο να κάνουν διαφορετικά πράγματα ταυτόχρονα.
1205	Because you are, aren't you?	3364	Διότι είσαστε, έτσι δεν είναι;
1206	There's a raft of research, but I know it from my personal life.	3365	Υπάρχει μεγάλη έρευνα, αλλά το ξέρω από την προσωπική μου ζωή.
1207	If my wife is cooking a meal at home -- which is not often, thankfully.	3366	Όταν η γυναίκα μου μαγειρεύει ένα γεύμα στο σπίτι - το οποίο δε συμβαίνει συχνά, ευτυχώς.
1208	No, she's good at some things, but if she's cooking, she's dealing with people on the phone, she's talking to the kids, she's painting the ceiling, she's doing open-heart surgery over here.	3367	Αλλά ξέρετε - όχι είναι καλή σε κάποια πράγματα - αλλά όταν εκείνη μαγειρεύει, μιλάει με ανθρώπους στο τηλέφωνο, μιλάει με τα παιδιά, βάφει το ταβάνι, κάνει εγχείρηση ανοιχτής καρδιάς.
1209	If I'm cooking, the door is shut, the kids are out, the phone's on the hook,	3368	Όταν εγώ μαγειρεύω, η πόρτα είναι κλειστή, τα παιδιά είναι έξω, το τηλέφωνο είναι στη βάση του κι αν εκείνη μπει μέσα ενοχλούμαι.
1210	if she comes in I get annoyed.		
1211	I say, 'Terry, please, I'm trying to fry an egg in here.'	3369	Λέω: «Τέρυ, σε παρακαλώ, προσπαθώ να τηγανίσω ένα αυγό.
1212	Give me a break.'	3370	Κάνε μου τη χάρη».
1213	Actually, do you know that old philosophical thing, if a tree falls in a forest and nobody hears it, did it happen?	3371	Ξέρετε αυτό το παλιό φιλοσοφικό ρητό: Αν ένα δέντρο πέσει στο δάσος και κανένας δεν το ακούσει, συνέβη ή όχι;
1214	Remember that old chestnut?	3372	Θυμάστε αυτό το παλιό αστείο;
1215	I saw a great t-shirt recently, which said, 'If a man speaks his mind in a forest, and no woman hears him, is he still wrong?'	3373	Είδα ένα ωραίο μπλουζάκι, πρόσφατα, που έγραφε: «Αν ένας άντρας πει φωναχτά τη γνώμη του στο δάσος, και καμία γυναίκα δεν τον ακούσει, κάνει ακόμα λάθος;»
1216	And the third thing about intelligence is, it's distinct.	3374	Και το τρίτο πράγμα σχετικά με την ευφυΐα είναι ότι ξεχωρίζει.
1217	I'm doing a new book at the moment called 'Epiphany,' which is based on a series of interviews with people about how they discovered their talent.	3375	Γράφω τώρα ένα καινούριο βιβλίο που λέγεται «Επιφοίτηση» και βασίζεται σε μια σειρά συνεντεύξεων με ανθρώπους για το πώς ανακάλυψαν το ταλέντο τους.
1218	I'm fascinated by how people got to be there.	3376	Είμαι γοητευμένος από το πώς οι άνθρωποι έφτασαν εκεί.
1219	It's really prompted by a conversation I had with a wonderful woman who maybe most people have never heard of, Gillian Lynne.	3377	Παρακινήθηκα από μια συζήτηση που είχα με μια υπέροχη γυναίκα, την οποία οι περισσότεροι άνθρωποι δεν έχουν ακούσει ποτέ, λέγεται Τζίλιαν Λιν, την έχετε ακούσει;
1220	Have you heard of her?		
1221	Some have.	3378	Κάποιοι την έχουν.
1222	She's a choreographer, and everybody knows her work.	3379	Είναι χορογράφος και όλοι ξέρουν τη δουλειά της.
1223	She did 'Cats' and 'Phantom of the Opera.'	3380	Έκανε τις «Γάτες» και «Το Φάντασμα της Όπερας».
1224	She's wonderful.	3381	Είναι καταπληκτική.
1225	I used to be on the board of The Royal Ballet, as you can see.	3382	Ήμουν στο συμβούλιο του Βασιλικού Μπαλέτου στην Αγγλία, όπως βλέπετε.
1226	Anyway, Gillian and I had lunch one day and I said, 'How did you get to be a dancer?'	3383	Τέλος πάντων, η Τζίλιαν κι εγώ γευματίσαμε και τη ρώτησα: «Τζίλιαν, πώς και έγινες χορεύτρια;»
1227	It was interesting.	3384	Και μου απάντησε ότι ήταν ενδιαφέρον, όταν ήταν στο σχολείο, ήταν πραγματικά σε απελπιστική κατάσταση.
1228	When she was at school, she was really hopeless.		
1229	And the school, in the '30s, wrote to her parents and said, 'We think Gillian has a learning disorder.'	3385	Και το σχολείο, τη δεκαετία του 30, έγραψε στους γονείς της και τους είπε: «Πιστεύουμε ότι η Τζίλιαν έχει μαθησιακά προβλήματα».
1230	She couldn't concentrate; she was fidgeting.	3386	Δεν μπορούσε να συγκεντρωθεί, ήταν νευρική.
1231	I think now they'd say she had ADHD.	3387	Νομίζω ότι τώρα θα έλεγαν πως έχει το σύνδρομο Ελλειμματικής Προσοχής και Υπερκινητικότητας.
1232	Wouldn't you?	3388	Σωστά;
1233	But this was the 1930s, and ADHD hadn't been invented at this point.	3389	Αλλά ήταν τη δεκαετία του 30 και αυτό το σύνδρομο δεν είχε ακόμα ανακαλυφθεί.
1234	It wasn't an available condition.	3390	Δεν ήταν διαθέσιμη ασθένεια.
1235	People weren't aware they could have that.	3391	Ο κόσμος δεν ήξερε ότι μπορούσες να το πάθεις αυτό.
1236	Anyway, she went to see this specialist.	3392	Τέλος πάντων, πήγε να δει κάποιον ειδικό.
1237	So, this oak-paneled room, and she was there with her mother, and she was led and sat on this chair at the end, and she sat on her hands for 20 minutes while this man talked to her mother about the problems Gillian was having at school.	3393	Έτσι βρέθηκε σε αυτό το δωμάτιο με τη δρύινη επένδυση και καθόταν εκεί με τη μητέρα της, και την οδήγησαν να καθίσει σε μια καρέκλα στο βάθος.
		3394	Καθόταν εκεί, πάνω στα χέρια της για 20 λεπτά ενώ αυτός ο άντρας μιλούσε με τη μητέρα της για τα προβλήματα που είχε η Τζίλιαν στο σχολείο.
1238	Because she was disturbing people; her homework was always late; and so on, little kid of eight.	3395	Και στο τέλος - επειδή ενοχλούσε τους άλλους, πήγαινε τις εργασίες της πάντα αργά κλπ, ένα οκτάχρονο κοριτσάκι - στο τέλος ο γιατρός πήγε και κάθισε δίπλα στη Τζίλιαν και της είπε: «Τζίλιαν, άκουσα όλα αυτά που μου είπε η μητέρα σου και θα ήθελα να της μιλήσω ιδιαιτέρως».
1239	In the end, the doctor went and sat next to Gillian, and said, 'I've listened to all these things your mother's told me, I need to speak to her privately.		
1240	Wait here.	3396	Της είπε: «Περίμενε εδώ, θα γυρίσουμε, δε θ' αργήσουμε».
1241	We'll be back; we won't be very long,' and they went and left her.		
		3397	Και έφυγαν αφήνοντάς την πίσω.
1242	But as they went out of the room, he turned on the radio that was sitting on his desk.	3398	Αλλά βγαίνοντας από το δωμάτιο, άνοιξε το ραδιόφωνο που ήταν πάνω στο γραφείο του.
1243	And when they got out, he said to her mother, 'Just stand and watch her.'	3399	Και όταν βγήκαν, είπε στη μητέρα της: «Απλά κάτσε και παρακολούθησέ τη».
1244	And the minute they left the room, she was on her feet, moving to the music.	3400	Και μόλις έφυγαν από το δωμάτιο, μου είπε ότι πετάχτηκε όρθια και κουνιόταν στο ρυθμό της μουσικής.
1245	And they watched for a few minutes and he turned to her mother and said, 'Mrs.Lynne, Gillian isn't sick; she's a dancer.	3401	Την παρακολούθησαν για λίγα λεπτά και μετά γύρισε στη μητέρα της και της είπε: «Κυρία Λιν, η Τζίλιαν δεν είναι άρρωστη, είναι χορεύτρια.
1246	Take her to a dance school.'	3402	Πηγαίνετέ τη σε μία σχολή χορού».
1247	I said, 'What happened?'	3403	Τη ρώτησα: «Τι έγινε τελικά;»
1248	She said, 'She did.	3404	Μου είπε: «Το έκανε.
1249	I can't tell you how wonderful it was.	3405	Δεν μπορώ να σου περιγράψω τι υπέροχα που ήταν.
1250	We walked in this room and it was full of people like me.	3406	Μπήκαμε στο δωμάτιο και ήταν γεμάτο με ανθρώπους σαν κι εμένα.
1251	People who couldn't sit still.	3407	Ανθρώπους που δεν μπορούσαν να σταθούν ακίνητοι.
1252	People who had to move to think.'	3408	Ανθρώπους που έπρεπε να κινηθούν για να σκεφτούν».
1253	Who had to move to think.		[No translation]
1254	They did ballet, they did tap, jazz; they did modern; they did contemporary.	3409	Έκαναν μπαλέτο, κλακέτες, τζαζ, μοντέρνο χορό, σύγχρονο χορό.
1255	She was eventually auditioned for the Royal Ballet School; she became a soloist; she had a wonderful career at the Royal Ballet.	3410	Τελικά έδωσε εξετάσεις για τη Βασιλική Σχολή Μπαλέτου, έγινε σολίστας, είχε μια θαυμάσια καριέρα στο Βασιλικό Μπαλέτο.
1256	She eventually graduated from the Royal Ballet School, founded the Gillian Lynne Dance Company, met Andrew Lloyd Webber.	3411	Αποφοίτησε από τη Βασιλική Σχολή και ίδρυσε τη δική της εταιρία, το Θίασο Χορού της Τζίλιαν Λιν και γνώρισε τον ʼντριου Λόιντ Γουέμπερ.
1257	She's been responsible for some of the most successful musical theater productions in history, she's given pleasure to millions, and she's a multi-millionaire.	3412	Ήταν υπεύθυνη για κάποιες από τις πιο επιτυχημένες θεατρικές παραγωγές στην ιστορία, έδωσε χαρά σε εκατομμύρια ανθρώπους, και είναι πολυεκατομμυριούχος.Κάποιος άλλος μπορεί να της έδινε φάρμακα και να της έλεγε να ηρεμήσει.
1258	Somebody else might have put her on medication and told her to calm down.		
1259	What I think it comes to is this:	3413	Τώρα νομίζω ότι καταλήγουμε στο εξής: Ο Αλ Γκορ μίλησε τις προάλλες σχετικά με την οικολογία, και την επανάσταση που ξεκίνησε από τη Ρέιτσελ Κάρσον.
1260	Al Gore spoke the other night about ecology and the revolution that was triggered by Rachel Carson.		
1261	I believe our only hope for the future is to adopt a new conception of human ecology, one in which we start to reconstitute our conception of the richness of human capacity.	3414	Πιστεύω ότι η μοναδική μας ελπίδα για το μέλλον είναι να υιοθετήσουμε μία νέα ιδεολογία για την ανθρώπινη οικολογία, όπου να ανασχηματίσουμε την αντίληψή μας για τον πλούτο των ανθρώπινων δυνατοτήτων.
1262	Our education system has mined our minds in the way that we strip-mine the earth: for a particular commodity.	3415	Το εκπαιδευτικό μας σύστημα έχει σμιλεύσει τα μυαλά μας με τον τρόπο που εμείς σμιλεύουμε τη Γη: για μια συγκεκριμένη χρήση.
1263	And for the future, it won't serve us.	3416	Και δεν θα μας χρησιμεύσει για το μέλλον.
1264	We have to rethink the fundamental principles on which we're educating our children.	3417	Πρέπει να ξανασκεφτούμε τις θεμελιώδεις αρχές με τις οποίες εκπαιδεύουμε τα παιδιά μας.
1265	There was a wonderful quote by Jonas Salk, who said, 'If all the insects were to disappear from the Earth, within 50 years all life on Earth would end.	3418	Υπήρχε ένα θαυμάσιο ρητό του Τζόνας Σαλκ, ο οποίος είπε: «Αν όλα τα έντομα εξαφανίζονταν από τη Γη, μέσα σε 50 χρόνια όλη η ζωή στον πλανήτη θα τέλειωνε.
1266	If all human beings disappeared from the Earth, within 50 years all forms of life would flourish.'	3419	Αν το ανθρώπινο είδος εξαφανιζόταν από τη Γη, μέσα σε 50 χρόνια όλες οι μορφές ζωής θα ευδοκιμούσαν».
1267	And he's right.	3420	Και έχει δίκιο.
1268	What TED celebrates is the gift of the human imagination.	3421	Αυτό που γιορτάζει το TED είναι το δώρο της ανθρώπινης φαντασίας.
1269	We have to be careful now that we use this gift wisely and that we avert some of the scenarios that we've talked about.	3422	Πρέπει να είμαστε πολύ προσεκτικοί να χρησιμοποιούμε αυτό το δώρο με σοφία, και να αποτρέπουμε κάποια από τα σενάρια που συζητήσαμε.
1270	And the only way we'll do it is by seeing our creative capacities for the richness they are and seeing our children for the hope that they are.	3423	Και ο μόνος τρόπος να το κάνουμε αυτό, είναι να αναγνωρίσουμε τις δημιουργικές μας ικανότητες για τον πλούτο που διαθέτουν, και τα παιδιά μας για την ελπίδα που είναι.
1271	And our task is to educate their whole being, so they can face this future.	3424	Στόχος μας είναι να εκπαιδεύσουμε την ολότητά τους, ώστε να αντιμετωπίσουν το μέλλον.
1272	By the way -- we may not see this future, but they wisee this future, but they will.	3425	Παρεμπιπτόντως, μπορεί εμείς να μην δούμε αυτό το μέλλον αλλά εκείνα θα το δουν.
1273	And our job is to help them make something of it.	3426	Δουλειά μας είναι να τα βοηθήσουμε να κερδίσουν κάτι από αυτό.
1274	Thank you very much.	3427	Σας ευχαριστώ πολύ.